Row Labels,Sum of Dec,Sum of Nov,Sum of Oct,Sum of Sep,Sum of Aug,Sum of Jul,Sum of Jun,Sum of May,Sum of Apr,Sum of Mar,Sum of Feb,Sum of Jan
1869,5.02,2.03,6.48,2.81,1.76,3.2,4.4,4.15,1.39,4.61,6.87,2.53
1870,2.18,2.42,4.97,2.52,3.07,3.76,2.82,1.83,5.11,3.33,2.83,4.41
1871,2.24,3.56,7.5,2.34,5.6,5.57,7.05,4.04,3.03,5.54,2.72,2.07
1872,3.18,4.08,3.35,2.95,6.29,7.83,2.93,2.68,2.29,3.74,1.29,1.88
1873,2.96,4.63,2.73,3.14,9.56,4.61,1.28,3.69,4.16,2.09,3.8,5.34
1874,2.82,2.3,1.7,8.24,2.43,5.06,2.78,2.24,8.77,2.12,2.04,5.33
1875,2.12,3.78,2.85,1.89,8.97,4.89,2.72,1.33,3.08,3.48,2.62,3.17
1876,2.54,3.31,1.42,5.28,2.28,3.65,2.66,3.03,3.06,8.79,4.81,0.94
1877,0.68,5.62,8.14,1.33,2.77,5.73,2.8,0.95,2.73,5.56,1.24,2.62
1878,5.14,4.73,2.43,4.05,7.97,4.62,3.08,3.19,1.97,3.27,3.75,4.46
1879,4.92,2.2,0.43,2.37,7.95,3.58,3.15,2.02,4.33,3.41,2.02,2.63
1880,2.27,2.46,2.7,1.9,5.23,8.52,1.14,0.62,2.9,4.66,2.12,2.14
1881,4.18,2.36,1.6,0.97,0.86,1.25,5.35,3.2,0.95,5.81,4.93,4.8
1882,1.95,1.24,1.51,16.85,1.14,3.21,2.52,4.2,1.64,2.53,3.43,5.05
1883,3.2,1.52,4.53,3.25,1.82,3.21,3.32,2.83,3.71,1.49,4.21,2.68
1884,6.17,3.18,3.75,0.21,7.9,4.74,4.98,3.74,2.82,4.62,4.92,5.22
1885,2.46,4.17,5.18,0.41,5.67,3.59,1.32,1.86,2.19,0.9,4.56,3.06
1886,2.79,4.42,3.07,1.17,0.95,2.75,3.35,5.4,3.85,2.83,4.89,3.91
1887,4.39,2.02,2.43,1.93,3.59,5.29,7.76,0.34,2.79,3.07,5.96,4.42
1888,3.42,4.04,4.33,8.16,7.66,1.53,2.6,5.62,2.89,4.62,3.49,4.96
1889,1.92,9.97,2.61,6.92,3.28,11.89,2.39,2.89,5.47,2.64,2.21,4.97
1890,3.7,0.71,6.56,4.63,4.37,4.49,4.67,3.45,1.85,5.5,3.41,2.29
1891,3.55,2.3,2.6,2.49,4.51,3.94,1.48,2.45,2.38,3.61,4.12,6.12
1892,1.3,7.14,0.59,1.06,4.16,3.21,2.78,4.22,2.02,3.49,0.94,4.69
1893,3.08,3.55,5.3,1.92,8.72,1.13,2.59,4.77,5.19,3.54,6.14,2.33
1894,4.65,4.15,5.96,8.68,1.17,2.21,0.98,3.73,2.19,1.35,3.93,2.01
1895,2.48,3.83,4.21,0.62,4.16,4.54,2.47,2.02,3.31,2.26,0.46,5.01
1896,1.13,2.84,1.74,4.74,1.53,7.41,5.72,2.51,1.27,5.28,6.83,0.96
1897,4.87,4.52,0.72,1.81,3.77,9.56,2.95,5.77,2.67,2.39,2.52,3
1898,3.07,6.72,6.05,1.7,3.47,4.41,1.25,6.72,3.25,2.78,4.22,4.26
1899,1.91,1.79,2.13,6.12,3.41,4.47,2.26,1.09,1.74,5.77,3.91,3.97
1900,2.01,4.36,3.56,2.5,4.52,3.21,2.2,3.72,2.02,3.49,5.38,4.22
1901,7.01,0.99,2.35,2.42,6.55,7.64,1,6.43,6.62,5.47,0.55,1.66
1902,6.77,1.28,7.16,4.31,4.3,5.59,6.48,1.35,3.03,4.84,5.39,2.27
1903,3.09,0.97,13.31,3.67,6.73,3.92,9.78,0.3,3.44,4.23,4.7,4.18
1904,1.96,2.2,2.99,4.31,7.85,4.95,2.95,1.88,3.8,3.57,2.21,2.97
1905,3.37,1.67,3.55,5.84,4.81,3.05,3.77,0.72,2.39,3.49,2.01,2.77
1906,3.58,1.06,4.19,2.49,1.43,4.54,1.26,5.53,5.9,5.04,2.47,2.69
1907,4.26,4.48,4.78,8.33,3.24,0.89,3.28,4.22,3.78,3.08,2.25,2.89
1908,3.19,0.71,1.38,1.91,6.01,3.8,1.27,8.51,2.27,2.38,5.86,3.76
1909,4.29,1.36,0.66,2.65,8.5,2.17,3.02,1.47,6.13,3.57,4.53,3.32
1910,1.88,4.3,3.23,1.42,1.07,0.49,6.03,1.49,5,1.02,3.15,4.64
1911,3.07,5.12,7.65,1.71,9.28,2.16,5.67,1.25,3.54,3.33,3.26,2.79
1912,5.01,3.53,4.1,4.14,2.75,2.56,1.57,5.4,3.53,7.7,2.73,2.38
1913,3.59,2.16,12.97,7,2.38,6.06,1.98,2.95,6.27,6.47,2.74,3.43
1914,5.24,3.31,2.23,0.29,2.54,5.47,2.06,2.35,3.34,4.74,3.33,5.27
1915,4.28,1.64,2.26,2.38,7.26,3.01,3.85,3.27,2.58,1.25,6.01,7.94
1916,4.25,2.14,1.04,3.45,0.54,4.55,4.56,4.35,3.28,3.7,4.76,1.28
1917,4.25,0.86,6.81,2.68,1.56,5.01,3.83,3.83,2.71,4.46,2.08,2.96
1918,3.61,2.41,0.78,2.92,2.43,4.36,4.61,4.83,4.65,1.67,2.47,3.53
1919,2.77,3.55,3.59,4.88,5.82,8.5,3.84,4.15,2.88,5.96,3.84,3.51
1920,6.16,4.14,1.25,4.76,3.91,6.2,5.02,3.23,5.28,4.75,6.41,2.09
1921,2.34,3.81,0.88,2.81,4.57,2.02,2.79,4.14,3.17,2.88,5.41,2.94
1922,3.86,1.29,1.48,3.42,2.86,7.49,6.88,3.76,2.02,5.52,3.35,2.73
1923,4.43,3.19,5.4,2.65,1.23,2.77,3.01,1.84,2.37,4.16,2.53,6.99
1924,2.47,2.16,0.28,3.58,5.84,0.89,2.78,6.34,6.05,2.08,4.35,4.9
1925,3.3,2.93,4.52,2.31,1.72,5.77,3.6,3.36,2,4.07,2.43,5.42
1926,4,3.78,4.87,4.78,7.28,6.38,1.71,2.42,1.73,2.66,5.37,2.85
1927,4.01,4.33,9,4.27,9.83,6.48,3.7,4.77,2.85,1.33,3.46,2.03
1928,0.98,2.46,1.57,3.67,4.57,8.89,7.04,2.07,4.83,2.83,4.84,1.87
1929,3.34,2.22,4.63,3.12,1.47,1.21,1.9,4.01,5.85,4.23,5.07,3.33
1930,2.73,5.62,1.71,1.47,4.32,6.61,2.92,3.43,2.3,2.23,3.24,2.37
1931,2.44,0.6,2.8,1.57,3.24,3.39,3.76,4.38,3.79,4.83,2.71,2.56
1932,2.51,7.38,5.58,1.22,3.2,1.42,4.36,2.95,2.34,5.82,2.7,4.45
1933,3.45,0.9,2.52,10.09,8.85,3.72,2.67,5.2,5.18,6.08,3.09,1.78
1934,2.66,2.17,2.82,11.46,2.77,4.24,3.68,5.19,3.45,4.47,3.01,3.42
1935,1.24,3.26,2.23,4.34,1.42,5.24,3.98,1.05,1.53,2.48,3.17,3.91
1936,7.53,1.14,3.9,4.82,3.99,1.89,4.62,2.97,3.3,5.45,2.68,7.54
1937,2.06,4.73,4.56,5.05,7.32,5.54,4.36,2.91,5.09,2.9,2.48,5.97
1938,2.62,3.27,1.75,9.06,3.92,5.82,7.13,3.36,3.38,2.22,1.97,3.99
1939,1.39,1.4,4.31,1.9,4.83,0.99,3.8,0.89,4.26,4.78,6.2,3.8
1940,2.79,3.55,2.43,2.82,4.13,3.3,3.01,7.61,5.46,4.73,2.63,2.61
1941,4.05,3.39,1.87,0.51,5.92,4.07,4.77,2.25,2.4,3.05,3.53,3.23
1942,4.57,3.72,1.98,4.23,9.08,7.15,3.59,1.78,1.09,5.91,2.53,2.88
1943,1.2,2.11,7.6,1.71,3.8,3.38,2.17,5.04,1.72,3.68,1.87,2.46
1944,2.57,5.96,2.32,10.3,1.84,1.83,3.35,1.18,4.75,5.98,1.73,3.2
1945,4.56,4.56,2.03,5.5,2.75,5.16,4.01,5.34,3.66,2.23,2.94,2.24
1946,1.61,1.66,0.85,4.02,6.68,5.12,3.36,6.8,1.43,3.21,1.76,1.86
1947,3.92,6.82,1.73,3.15,2.4,2.72,3.44,4.25,5.08,2.3,2.24,2.74
1948,6.28,3.17,1.51,1.28,2.99,4.51,5.52,7.58,3.26,3.51,2.52,4.74
1949,2.3,0.96,1.92,3.43,4.29,4.21,0.02,3.41,4.42,1.66,3.58,6.04
1950,4.32,4.24,1.71,1.48,4.97,4.24,2.18,2.66,1.66,2.73,4.44,2.26
1951,4.28,6.49,3.77,0.7,2.53,3.67,2.97,4.93,2.44,5.62,3.05,3.95
1952,4.12,3.05,0.94,2.05,4.63,3.32,3.64,4.78,5.05,4,1.38,4.55
1953,4.42,2.02,4.3,1.1,2.1,3.86,1.82,4.35,5.2,8.76,2.37,4.9
1954,3.03,4.93,1.99,4.75,6.09,0.96,1.32,3.1,2.7,3.25,1.81,1.65
1955,0.25,4.12,6.87,2.67,10.86,0.51,2.52,2.64,1.97,3.71,3.01,0.77
1956,3.29,2.62,3.61,2.32,2.56,3.13,2.99,2.2,2.78,5.03,4.18,1.54
1957,5.26,4.46,3.27,3.01,2.87,1.47,1.85,3.67,4.51,1.99,2.43,1.7
1958,1.25,1.85,5.46,4.44,2.36,3.68,2.55,3.25,6.14,3.19,2.98,3.79
1959,4.64,4.22,4.83,1.11,4.45,4.28,4.2,1.33,1.91,3.77,1.69,2.34
1960,3.04,3.05,2.82,5.38,6.26,8.29,1.74,2.97,3.05,2.96,4.43,2.4
1961,3.04,2.71,2.21,1.7,3.13,4.92,2.86,3.6,5.08,4.23,3.96,1.88
1962,2.26,3.94,3.15,3.1,5.71,1.67,3.73,1.26,3,2.97,3.74,2.62
1963,2.31,8.24,0.14,3.95,3.21,2.19,2.72,2.16,1.27,3.61,2.55,1.93
1964,4.16,2.55,1.73,1.69,0.24,4.17,2.67,0.57,5.09,2.57,2.93,4.62
1965,1.72,1.46,2.16,1.7,2.73,1.33,1.27,1.58,2.9,2.49,3.66,3.09
1966,3.18,3.47,4.64,8.82,1.89,1.25,1.17,4.26,2.69,0.94,4.96,2.63
1967,6.08,2.59,3.47,1.84,5.94,6.99,4.64,4.08,3.45,5.97,2.68,1.39
1968,4.15,5.75,2.2,1.97,2.88,2.63,6.15,7.06,2.82,4.79,1.13,2.04
1969,7.07,3.58,1.97,8.32,2.53,7.37,3.16,2.67,3.99,3.73,3.05,1.1
1970,2.82,5.14,2.48,1.74,2.47,2.19,2.27,3.34,3.48,4.18,4.52,0.66
1971,1.76,5.64,4.14,7.36,9.37,7.2,2.31,4.24,2.95,3.8,5.33,2.67
1972,6.09,12.41,6.27,1.33,1.92,4.54,9.3,8.39,3.92,4.55,5.9,2.41
1973,9.98,1.82,3.92,2.75,3.08,5.89,4.55,4.51,8.05,3.6,4.55,4.53
1974,6.33,0.94,2.59,8.05,5.99,1.33,3.29,4.29,3.83,5.76,1.49,3.8
1975,3.63,4.33,3.7,9.32,3.05,11.77,7.58,3.38,3.04,3.32,3.33,4.76
1976,2.29,0.34,5.31,3.15,6.52,1.42,2.78,4.77,2.8,2.99,3.13,5.78
1977,5.06,12.26,5.03,4.75,4.57,1.6,3.83,1.71,3.75,7.41,2.51,2.25
1978,5.61,2.85,1.5,4.06,5.5,4.48,1.69,9.15,2.38,2.73,1.59,8.27
1979,2.69,3.38,3.87,4.83,4.27,1.76,1.56,6.23,4.04,4.4,4.58,10.52
1980,0.58,4.11,3.86,1.98,1.16,5.26,3.84,2.33,8.26,10.41,1.04,1.72
1981,5.18,1.69,3.49,3.45,0.59,6.21,2.71,3.56,3.42,1.19,6.04,0.58
1982,1.47,3.44,2.31,1.77,4.66,3.14,5.12,2.43,5.67,2.56,2.37,6.46
1983,9.77,6.68,8.63,4.62,7.26,3.4,2.82,4.6,14.01,10.54,3.22,5.01
1984,3.26,4.07,3.63,2.51,1.38,7.03,5.76,9.74,6.62,6.3,4.86,1.87
1985,0.83,8.09,1.3,4.75,2.58,4.41,4.41,5.72,1.41,1.91,2.41,1
1986,6.16,6.85,1.92,2.2,4.24,5.56,1.86,1.68,3.93,1.46,2.86,4.23
1987,2.17,3.03,3.89,5.25,4.89,4.12,3.94,1.45,5.9,4.93,1.01,5.81
1988,1.13,8.9,3.56,2.34,2.19,8.14,1.29,2.1,2.2,5.27,3.91,3.64
1989,0.83,2.79,7.48,6.9,8.44,5.13,8.79,10.24,4.26,4.93,3.03,2.29
1990,5.58,2.82,6.38,2.24,12.36,3.51,2.5,9.1,5.12,3.64,2.33,5.34
1991,4.26,1.96,2.13,3.71,7.13,4.57,4.16,3.11,3.68,5.16,1.93,3.38
1992,5.5,5.64,1.16,4.89,3.49,4.49,4.77,4.02,1.76,4.08,1.87,1.68
1993,4.95,2.2,4.55,5.25,5.41,1.7,1.49,1.56,4.28,6.64,2.81,3.44
1994,2.9,4.34,1.35,3.33,6.33,3.86,3.21,4.26,2.42,6.33,3.44,5.62
1995,2.12,5.78,7.82,3.03,0.18,6.13,2.09,2.84,2.29,1.26,3.13,3.75
1996,6.48,2.87,7.53,4.97,1.87,5.7,5.76,2.64,6.33,3.81,2.59,5.64
1997,4.27,4.68,2.1,2.1,3.21,8.36,1.93,3.05,2.86,5.18,2.54,3.65
1998,1.12,1.48,2.76,3.44,2.78,1.09,5.94,6.94,7.05,5.08,5.81,5.2
1999,3.2,2.33,2.73,8.81,3.94,0.44,0.59,4.04,1.93,4.01,3.49,6.99
2000,3.19,3.53,0.68,5.82,3.82,7.28,4.86,4.5,3.53,3.31,1.66,3.24
2001,2.27,1.36,0.66,5.31,2.56,2.04,5.29,2.02,1.58,7.72,1.95,3.16
2002,4.06,5.06,7.2,5.16,4.91,1.05,4.5,3.69,3.41,3.53,0.71,1.93
2003,5.42,4.27,4.9,6.03,5.85,3.76,10.26,3.43,3.2,4.57,4.56,2.3
2004,3.71,4.21,1.18,11.51,3.03,7.64,3.02,5.77,4.11,2.99,2.68,2.13
2005,4.6,4.47,16.73,0.48,3.96,3.56,3.21,1.48,4.81,4.96,3.04,4.67
2006,2.15,7.34,7.07,3.69,6.08,6.16,8.55,4.62,5.56,0.8,2.88,4.99
2007,5.22,3.47,4.65,1.81,7.18,6.89,6.55,1.88,13.05,5.35,1.99,3.63
2008,6.62,3.54,3.62,7.05,5.58,2.84,4.7,4.01,2.77,4.08,5.95,2.85
2009,7.27,1.61,5.58,2.26,4.22,7.11,10.05,5.17,4.69,1.75,0.93,2.98
2010,4.24,2.15,4.91,3.67,4.14,2.6,2.2,3.01,2.99,10.69,6.69,2.08
2011,4,3.05,6.09,9.39,18.95,3.03,3.25,5.11,5.35,6.19,3.47,4.93
2012,4.8,1.81,2.92,4.39,2.91,4.21,2.97,5.38,3.56,0.96,1.37,3.23
2013,4.85,3.15,0.36,2.95,2.85,2.84,10.1,8,1.31,2.9,4.25,2.76
2014,6.04,4.51,5.77,1.21,2.25,5.59,4.26,4.37,7.85,3.67,5.48,2.79
2015,4.72,2.01,3.91,3.28,2.35,3.98,4.79,1.86,2.08,4.72,2.04,5.23
2016,2.89,5.41,4.15,2.79,1.97,7.02,2.6,3.75,1.61,1.17,4.4,4.41
2017,2.21,1.58,4.18,2,3.34,4.19,4.76,6.38,3.84,5.25,2.48,4.83
2018,6.51,7.62,3.59,6.19,8.59,7.45,3.11,3.53,5.78,5.17,5.83,2.18
2019,7.09,1.95,6.15,0.95,3.7,5.77,5.46,6.82,4.55,3.87,3.14,3.58
2020,4.61,3.99,5.05,3.94,5.03,6.58,1.76,1.65,4.49,3.78,2.54,1.93
2021,1.39,1.12,5.26,10.03,10.32,11.09,2.62,4.36,2.69,3.41,5.13,2.31
2022,5.83,3.15,5.08,4.1,1.71,4.55,2.92,4.52,4.53,2.39,3.23,4.29
2023,6.71,2.95,3.9,14.25,6.56,5.34,1.62,1.28,7.7,3.32,1.28,4.38
2024,4.53,3.35,0.01,1.58,7.02,4.2,1.71,4.11,3.47,9.06,2.05,5.28
2025,,,,,,,,6.58,3.25,5.52,2.6,0.61
Grand Total,575.96,551.23,580.69,611.88,694.26,685.32,566.92,583.91,587.3,631.44,521.09,547.43